{
    "us9music.plains":{"sounds":[{"name":"waslo/plains","volume":1.0,"stream":true}]},
    "us9music.caves":{"sounds":[{"name":"waslo/caves","volume":1.0,"stream":true}]},
    "us9music.monument":{"sounds":[{"name":"waslo/monument","volume":1.0,"stream":true}]},
    "us9music.forest":{"sounds":[{"name":"waslo/forest","volume":1.0,"stream":true}]},
    "us9music.cliffs":{"sounds":[{"name":"waslo/cliffs","volume":1.0,"stream":true}]},
    "us9music.city":{"sounds":[{"name":"waslo/city","volume":1.0,"stream":true}]},
    "us9music.castle":{"sounds":[{"name":"waslo/castle","volume":1.0,"stream":true}]},
    "us9music.puzzle":{"sounds":[{"name":"waslo/puzzle","volume":1.0,"stream":true}]},
    "memes.vineboom":{"sounds":[{"name":"memes/vineboom","volume":1.0,"stream":true}]},
    "memes.sussy":{"sounds":[{"name":"memes/sussy","volume":1.0,"stream":true}]},
    "memes.bruh":{"sounds":[{"name":"memes/bruh","volume":1.0,"stream":true}]},
    "memes.discord":{"sounds":[{"name":"memes/discord","volume":1.0,"stream":true}]},
    "memes.microwave":{"sounds":[{"name":"memes/microwave","volume":1.0,"stream":true}]},
    "memes.oldspice":{"sounds":[{"name":"memes/oldspice","volume":1.0,"stream":true}]},
    "memes.pipe":{"sounds":[{"name":"memes/pipe","volume":1.0,"stream":true}]},
    "memes.babyshark":{"sounds":[{"name":"memes/babyshark","volume":1.0,"stream":true}]},
    "memes.tacobell":{"sounds":[{"name":"memes/tacobell","volume":1.0,"stream":true}]},
    "memes.tobecontinued":{"sounds":[{"name":"memes/tobecontinued","volume":1.0,"stream":true}]},
    "memes.uwu":{"sounds":[{"name":"memes/uwu","volume":1.0,"stream":true}]},
    "memes.wii":{"sounds":[{"name":"memes/wii","volume":1.0,"stream":true}]},
    "memes.amogusdrip":{"sounds":[{"name":"memes/amogusdrip","volume":1.0,"stream":true}]},
    "memes.wilhelmscream":{"sounds":[{"name":"memes/wilhelmscream","volume":1.0,"stream":true}]}

}
