{
    "parent": "item/generated",
    "textures": {
        "layer0": "item/book"
    },
	"overrides": [
		{ "predicate": { "custom_model_data": 101}, "model": "item/book/101" },
		{ "predicate": { "custom_model_data": 102}, "model": "item/book/102" },
		{ "predicate": { "custom_model_data": 103}, "model": "item/book/103" },
		{ "predicate": { "custom_model_data": 104}, "model": "item/book/104" },
		{ "predicate": { "custom_model_data": 105}, "model": "item/book/105" },
		{ "predicate": { "custom_model_data": 106}, "model": "item/book/106" },
		{ "predicate": { "custom_model_data": 107}, "model": "item/book/107" },
		{ "predicate": { "custom_model_data": 108}, "model": "item/book/108" },
		{ "predicate": { "custom_model_data": 109}, "model": "item/book/109" },
		{ "predicate": { "custom_model_data": 110}, "model": "item/book/110" },
		{ "predicate": { "custom_model_data": 111}, "model": "item/book/111" },
		{ "predicate": { "custom_model_data": 112}, "model": "item/book/112" },
		{ "predicate": { "custom_model_data": 113}, "model": "item/book/113" },
		{ "predicate": { "custom_model_data": 114}, "model": "item/book/114" },
		{ "predicate": { "custom_model_data": 115}, "model": "item/book/115" },
		{ "predicate": { "custom_model_data": 116}, "model": "item/book/116" },
		{ "predicate": { "custom_model_data": 117}, "model": "item/book/117" },
		{ "predicate": { "custom_model_data": 118}, "model": "item/book/118" },
		{ "predicate": { "custom_model_data": 119}, "model": "item/book/119" },
		{ "predicate": { "custom_model_data": 120}, "model": "item/book/120" }

	]
}
