{
    "parent": "minecraft:item/handheld_rod",
    "textures": {
        "layer0": "minecraft:item/carrot_on_a_stick"
    },
	"overrides": [
		{ "predicate": { "custom_model_data": 1}, "model": "item/carrot_on_a_stick/1" },
		{ "predicate": { "custom_model_data": 2}, "model": "item/carrot_on_a_stick/2" },
		{ "predicate": { "custom_model_data": 3}, "model": "item/carrot_on_a_stick/3" },
		{ "predicate": { "custom_model_data": 4}, "model": "item/carrot_on_a_stick/4" },
		{ "predicate": { "custom_model_data": 5}, "model": "item/carrot_on_a_stick/5" },
		{ "predicate": { "custom_model_data": 6}, "model": "item/carrot_on_a_stick/6" },
		{ "predicate": { "custom_model_data": 7}, "model": "item/carrot_on_a_stick/7" },
		{ "predicate": { "custom_model_data": 8}, "model": "item/carrot_on_a_stick/8" },
		{ "predicate": { "custom_model_data": 9}, "model": "item/carrot_on_a_stick/9" },
		{ "predicate": { "custom_model_data": 10}, "model": "item/carrot_on_a_stick/10" }

	]
}
