{
    "parent": "item/generated",
    "textures": {
        "layer0": "item/honey_bottle"
    },
	"overrides": [
		{ "predicate": { "custom_model_data": 1}, "model": "item/honey_bottle/1" },
		{ "predicate": { "custom_model_data": 2}, "model": "item/honey_bottle/2" },
		{ "predicate": { "custom_model_data": 3}, "model": "item/honey_bottle/3" },
		{ "predicate": { "custom_model_data": 4}, "model": "item/honey_bottle/4" },
		{ "predicate": { "custom_model_data": 5}, "model": "item/honey_bottle/5" },
		{ "predicate": { "custom_model_data": 6}, "model": "item/honey_bottle/6" },
		{ "predicate": { "custom_model_data": 7}, "model": "item/honey_bottle/7" },
		{ "predicate": { "custom_model_data": 8}, "model": "item/honey_bottle/8" }
	]
}
