{
    "parent": "item/generated",
    "textures": {
        "layer0": "item/music_disc_11"
    },
	"overrides": [
		{ "predicate": { "custom_model_data": 1}, "model": "item/music_disk/1" },
		{ "predicate": { "custom_model_data": 2}, "model": "item/music_disk/2" },
		{ "predicate": { "custom_model_data": 3}, "model": "item/music_disk/3" },
		{ "predicate": { "custom_model_data": 4}, "model": "item/music_disk/4" },
		{ "predicate": { "custom_model_data": 5}, "model": "item/music_disk/5" },
		{ "predicate": { "custom_model_data": 6}, "model": "item/music_disk/6" },
		{ "predicate": { "custom_model_data": 7}, "model": "item/music_disk/7" },
		{ "predicate": { "custom_model_data": 8}, "model": "item/music_disk/8" },
		{ "predicate": { "custom_model_data": 9}, "model": "item/music_disk/9" },
		{ "predicate": { "custom_model_data": 10}, "model": "item/music_disk/10" },
		{ "predicate": { "custom_model_data": 11}, "model": "item/music_disk/11" },
		{ "predicate": { "custom_model_data": 12}, "model": "item/music_disk/12" },
		{ "predicate": { "custom_model_data": 13}, "model": "item/music_disk/13" },
		{ "predicate": { "custom_model_data": 14}, "model": "item/music_disk/14" },
		{ "predicate": { "custom_model_data": 15}, "model": "item/music_disk/15" },
		{ "predicate": { "custom_model_data": 16}, "model": "item/music_disk/16" },
		{ "predicate": { "custom_model_data": 17}, "model": "item/music_disk/17" },
		{ "predicate": { "custom_model_data": 18}, "model": "item/music_disk/18" },
		{ "predicate": { "custom_model_data": 19}, "model": "item/music_disk/19" },
		{ "predicate": { "custom_model_data": 20}, "model": "item/music_disk/20" }

	]
}

