{
    "parent": "item/generated",
    "textures": {
        "layer0": "item/nautilus_shell"
    },
	"overrides": [
		{ "predicate": { "custom_model_data": 1}, "model": "item/nautilus_shell/1" },
		{ "predicate": { "custom_model_data": 2}, "model": "item/nautilus_shell/2" },
		{ "predicate": { "custom_model_data": 3}, "model": "item/nautilus_shell/3" },
		{ "predicate": { "custom_model_data": 4}, "model": "item/nautilus_shell/4" },
		{ "predicate": { "custom_model_data": 5}, "model": "item/nautilus_shell/5" },
		{ "predicate": { "custom_model_data": 6}, "model": "item/nautilus_shell/6" },
		{ "predicate": { "custom_model_data": 7}, "model": "item/nautilus_shell/7" },
		{ "predicate": { "custom_model_data": 8}, "model": "item/nautilus_shell/8" }
	]
}

