{
    "parent": "item/generated",
    "textures": {
        "layer0": "item/potion_overlay",
        "layer1": "item/splash_potion"
    },
	"overrides": [
		{ "predicate": { "custom_model_data": 1}, "model": "item/splash_potion/1" },
		{ "predicate": { "custom_model_data": 2}, "model": "item/splash_potion/2" },
		{ "predicate": { "custom_model_data": 3}, "model": "item/splash_potion/3" },
		{ "predicate": { "custom_model_data": 4}, "model": "item/splash_potion/4" },
		{ "predicate": { "custom_model_data": 5}, "model": "item/splash_potion/5" },
		{ "predicate": { "custom_model_data": 6}, "model": "item/splash_potion/6" },
		{ "predicate": { "custom_model_data": 7}, "model": "item/splash_potion/7" },
		{ "predicate": { "custom_model_data": 8}, "model": "item/splash_potion/8" }
	]
}
